{
  "variants": [
    {
      "name": "shallow-wide (4L x 512d)",
      "config": {
        "vocab_size": 50304,
        "d_model": 512,
        "n_layers": 4,
        "n_heads": 8,
        "n_kv_heads": 2,
        "d_ff_mult": 2.6666666666666665,
        "max_seq_len": 128,
        "rope_theta": 10000.0,
        "dropout": 0.0,
        "tie_embeddings": true
      },
      "lr": 0.0003,
      "params_m": 11.28,
      "train_loss_final": 4.117769122123718,
      "val_loss": 5.063327658176422,
      "val_ppl": 158.1157971864,
      "elapsed_s": 229.8,
      "tokens_seen": 1228800,
      "tok_per_sec": 5346.4,
      "loss_curve": [
        10.866897583007812,
        8.733991146087646,
        9.224899291992188,
        7.448855638504028,
        6.971054315567017,
        6.459223508834839,
        5.731861591339111,
        5.371333122253418,
        5.531420707702637,
        5.9909045696258545,
        5.422669172286987,
        5.149676084518433,
        5.073646068572998,
        4.94838559627533,
        5.047834038734436,
        4.884459614753723,
        4.6625940799713135,
        6.205173492431641,
        4.705578088760376,
        4.712602496147156,
        4.672522783279419,
        4.708760023117065,
        4.5381327867507935,
        4.5946327447891235,
        4.496482968330383,
        4.3249887228012085,
        4.329509854316711,
        4.2172452211380005,
        4.262917399406433,
        4.172201991081238,
        4.229778170585632,
        4.160999894142151,
        5.905144691467285,
        3.2950124740600586,
        4.862595081329346,
        4.148504137992859,
        4.148373365402222,
        4.255927085876465,
        4.019815564155579,
        4.012486696243286
      ]
    },
    {
      "name": "no-GQA (full MHA)",
      "config": {
        "vocab_size": 50304,
        "d_model": 384,
        "n_layers": 6,
        "n_heads": 6,
        "n_kv_heads": 6,
        "d_ff_mult": 2.6666666666666665,
        "max_seq_len": 128,
        "rope_theta": 10000.0,
        "dropout": 0.0,
        "tie_embeddings": true
      },
      "lr": 0.0003,
      "params_m": 10.62,
      "train_loss_final": 4.124302506446838,
      "val_loss": 5.127752327919007,
      "val_ppl": 168.63764960751104,
      "elapsed_s": 160.5,
      "tokens_seen": 1228800,
      "tok_per_sec": 7658.0,
      "loss_curve": [
        10.849588871002197,
        10.3043212890625,
        8.704411745071411,
        9.260971069335938,
        7.62670373916626,
        6.977151155471802,
        6.805901765823364,
        5.861394882202148,
        5.56945538520813,
        5.367736339569092,
        6.295411109924316,
        5.091112852096558,
        4.996601819992065,
        5.0690789222717285,
        4.496455192565918,
        6.242283344268799,
        4.812875032424927,
        4.820932745933533,
        5.339439153671265,
        6.041773796081543,
        4.608471751213074,
        4.5252755880355835,
        4.546487331390381,
        5.797971487045288,
        4.469685912132263,
        4.471280097961426,
        4.36448061466217,
        4.16927969455719,
        4.241515755653381,
        5.180599927902222,
        5.011069297790527,
        4.272132992744446,
        4.650288343429565,
        4.250437378883362,
        4.938344240188599,
        4.135939002037048,
        5.5597169399261475,
        5.556291103363037,
        4.025361657142639,
        4.020497679710388
      ]
    },
    {
      "name": "combo: untied + high-LR",
      "config": {
        "vocab_size": 50304,
        "d_model": 384,
        "n_layers": 6,
        "n_heads": 6,
        "n_kv_heads": 2,
        "d_ff_mult": 2.6666666666666665,
        "max_seq_len": 128,
        "rope_theta": 10000.0,
        "dropout": 0.0,
        "tie_embeddings": false
      },
      "lr": 0.0006,
      "params_m": 48.08,
      "train_loss_final": 3.8493329286575317,
      "val_loss": 5.163876914978028,
      "val_ppl": 174.8409869715984,
      "elapsed_s": 225.7,
      "tokens_seen": 1228800,
      "tok_per_sec": 5445.2,
      "loss_curve": [
        10.931508541107178,
        8.821273565292358,
        9.634145259857178,
        7.437100648880005,
        7.098463535308838,
        5.651204347610474,
        5.31219482421875,
        5.108825445175171,
        5.191630840301514,
        4.930375933647156,
        4.935789704322815,
        4.778515815734863,
        3.863693952560425,
        4.810915589332581,
        6.435785293579102,
        4.66191041469574,
        4.635375738143921,
        5.389583110809326,
        3.442721366882324,
        4.373859643936157,
        4.300899386405945,
        4.230427026748657,
        4.2907737493515015,
        4.169384002685547,
        6.011715412139893,
        4.189103722572327,
        4.017732262611389,
        4.148253560066223,
        4.84605073928833,
        4.113111972808838,
        5.634758949279785,
        3.983048915863037,
        3.909181237220764,
        3.1259496212005615,
        3.903650641441345,
        3.863144636154175,
        3.8731662034988403,
        3.8380486965179443,
        3.9275890588760376,
        3.8132375478744507
      ]
    },
    {
      "name": "high-LR (6e-4)",
      "config": {
        "vocab_size": 50304,
        "d_model": 384,
        "n_layers": 6,
        "n_heads": 6,
        "n_kv_heads": 2,
        "d_ff_mult": 2.6666666666666665,
        "max_seq_len": 128,
        "rope_theta": 10000.0,
        "dropout": 0.0,
        "tie_embeddings": true
      },
      "lr": 0.0006,
      "params_m": 9.44,
      "train_loss_final": 3.943018317222595,
      "val_loss": 5.176639676094055,
      "val_ppl": 177.08674125050166,
      "elapsed_s": 228.6,
      "tokens_seen": 1228800,
      "tok_per_sec": 5376.4,
      "loss_curve": [
        10.901031494140625,
        8.665529727935791,
        8.544413328170776,
        6.401975154876709,
        6.458867311477661,
        6.67655873298645,
        5.369530200958252,
        6.27447247505188,
        6.181328535079956,
        5.049500942230225,
        6.2137672901153564,
        4.948761940002441,
        6.400915861129761,
        5.0272536277771,
        4.877936124801636,
        5.66837739944458,
        3.7910038232803345,
        3.687665343284607,
        4.483800172805786,
        4.474302887916565,
        4.437758564949036,
        4.312982201576233,
        4.418723464012146,
        4.293277859687805,
        4.244481682777405,
        4.303908944129944,
        3.2173863649368286,
        4.1242265701293945,
        4.132757306098938,
        4.190489888191223,
        4.031201958656311,
        4.030484318733215,
        4.033910036087036,
        3.9372223615646362,
        4.067875623703003,
        3.9576817750930786,
        3.954375386238098,
        3.918510675430298,
        3.9902637004852295,
        3.9106602668762207
      ]
    },
    {
      "name": "tiny (256d x 4L)",
      "config": {
        "vocab_size": 50304,
        "d_model": 256,
        "n_layers": 4,
        "n_heads": 4,
        "n_kv_heads": 2,
        "d_ff_mult": 2.6666666666666665,
        "max_seq_len": 128,
        "rope_theta": 10000.0,
        "dropout": 0.0,
        "tie_embeddings": true
      },
      "lr": 0.0006,
      "params_m": 2.95,
      "train_loss_final": 4.371539950370789,
      "val_loss": 5.2821413487195965,
      "val_ppl": 196.7908222691716,
      "elapsed_s": 162.3,
      "tokens_seen": 1228800,
      "tok_per_sec": 7570.9,