{
  "device": "mps",
  "model_params_m": 11.28,
  "config": {
    "n_layers": 4,
    "d_model": 512,
    "n_heads": 8,
    "n_kv_heads": 2
  },
  "stages": {
    "baseline": {
      "val_loss": 5.1915,
      "val_ppl": 179.73,
      "cloze_accuracy": 0.0,
      "cloze_hits": [
        false,
        false,
        false,
        false,
        false
      ],
      "sample": "ROMEO:\nI will have you have no cause to be?\n\nCOMINIUS:\nAway that my lord.\n\nVOLUMNIA:\nI will not how, and my head'st the king\nWhat's your name of that cannot be and go\nTo be to the more: come you, sir,--\nAnd that shall you\nTo be a love on the",
      "repetition_rate": 0.084
    },
    "after_sft": {
      "val_loss": 4.899,
      "val_ppl": 134.15,
      "cloze_accuracy": 0.0,
      "cloze_hits": [
        false,
        false,
        false,
        false,
        false
      ],
      "sample": "ROMEO:\nFarewell, my lord, though my life to my father,\nThis is the Duke of my lord;\nIn a king, thou hast it not in my son:\nAnd a man would he, with a time as thou shall.\n\nJULIET:\nTis the house of the next, thou art thou canst:\nO the rest be it to thy",
      "repetition_rate": 0.06
    },
    "after_grpo": {
      "val_loss": 5.0004,
      "val_ppl": 148.48,
      "cloze_accuracy": 0.0,
      "cloze_hits": [
        false,
        false,
        false,
        false,
        false
      ],
      "sample": "ROMEO:\nBy that I am I know; where thou, be with me:\nMy poor life shall all the city of my hand,\nAnd when thou, and a brother,\nAnd what I do be it as my soul,\nI do no more to make a house.\n\nMARCIUS:\nAnd so shall so:\nThe very man that I were thou,\nBe,",
      "repetition_rate": 0.133
    }
  },
  "sft_log": {
    "elapsed_s": 25.2,
    "tok_per_sec": 8111.2,
    "loss_curve": [
      4.859760284423828,
      4.975934028625488,
      4.5691375732421875,
      4.571584701538086,
      4.923639297485352,
      4.8293280601501465,
      5.255280494689941,
      4.238649368286133,
      5.133652210235596,
      4.329963207244873,
      4.847236156463623,
      4.51298189163208,
      4.471832275390625,
      4.996973037719727,
      4.471277236938477,
      4.409592628479004,
      4.54238224029541,
      4.863208770751953,
      4.524256229400635,
      4.660665512084961,
      4.635990619659424,
      4.680296897888184,
      4.495765686035156,
      4.381156921386719,
      4.922825813293457,
      4.577917098999023,
      4.079486846923828,
      4.773820877075195,
      4.9924516677856445,
      4.353025913238525,
      3.9217257499694824,
      4.817836284637451,
      4.477728843688965,
      4.3179450035095215,
      4.320998668670654,
      4.103999137878418,
      4.531888961791992,
      4.6269378662109375,
      4.325730323791504,
      4.221235275268555
    ]
  },
  "grpo_log": [
    {
      "step": 0,
      "loss": 7.778398513793945,
      "reward_mean": 0.2934712767601013,
      "reward_std": 0.009659732691943645,
      "kl": -1.0952069251501939e-08
    },
    {
      "step": 1,
      "loss": 6.027642250061035,
      "reward_mean": 0.2925977408885956,
      "reward_std": 0.006680176127701998,
      "kl": 0.0006938281876500696
    },
    {
      "step": 2,
      "loss": 5.83549690246582,
      "reward_mean": 0.2983695864677429,
      "reward_std": 0.003260880708694458,
      "kl": 0.011738834669813514
    },
    {
      "step": 3,
      "loss": -7.188350677490234,
      "reward_mean": 0.29875001311302185,
      "reward_std": 0.002500012516975403,
      "kl": 0.004881915403530002
    },
    {
      "step": 4,
      "loss": 1.0626564025878906,
      "reward_mean": 0.2897762954235077,
      "reward_std": 0.008306014351546764,
      "kl": 0.03370072552934289
    },
    {
      "step": 5,
      "loss": 18.065074920654297,
      "reward_mean": 0.29324448108673096,
      "reward_std": 0.008500223979353905,
      "kl": 0.0069425193360075355
    },
    {
      "step": 6,
      "loss": 5.2462992668151855,
      "reward_mean": 0.2931063175201416,
      "reward_std": 0.0005653977277688682,
      "kl": 0.044591442681849
    },
    {
      "step": 7,
      "loss": 4.61918830871582,
      "reward_mean": 0.2917182445526123,
      "reward_std": 0.0035780370235443115,
      "kl": 0.020752992946654558
    },
    {
      "step": 8,
      "loss": 1.7669944763183594,
      "reward_mean": 0.2987288236618042,
      "reward_std": 0.0025423765182495117,
      "kl": 0.054391887970268726
    },
    {
      "step": 9,
      "loss": -3.369518280029297,
      "reward_mean": 0.29421138763427734,
      "reward_std": 0.004609828814864159,
      "kl": 0.030161844100803137
    },
    {
      "step": 10,
      "loss": -6.6984710693359375,
      "reward_mean": 0.29476532340049744,
      "reward_std": 0.004167142324149609,
      "kl": 0.05865516886115074
    },
    {
      "step": 11,
      "loss": 2.936847686767578,
      "reward_mean": 0.29863637685775757,
      "reward_std": 0.0027272850275039673,
      "kl": 0.054485952481627464
    },
    {
      "step": 12,
      "loss": 0.002079554833471775,
      "reward_mean": 0.30000001192092896,
      "reward_std": 0.0,
      "kl": 0.051988876424729824
    },
    {
      "step": 13,
      "loss": 4.4946746826171875,
      "reward_mean": 0.29396122694015503,
      "reward_std": 0.0005700225592590868,
      "kl": 0.08912735991179943
    },
    {
      "step": 14,
      "loss": 5.045363426208496,
      "reward_mean": 0.29189783334732056,
      "reward_std": 0.0025049978867173195,
      "kl": 0.052962781861424446
    },
    {
      "step": 15,
      "loss": 0.023105621337890625,
      "reward_mean": 0.2960227429866791,
      "reward_std": 0.005187606904655695,
      "kl": 0.11020812578499317
    },
    {
      "step": 16,
      "loss": 9.981369018554688,
      "reward_mean": 0.2965840995311737,
      "reward_std": 0.0040796962566673756,
      "kl": 0.044074028730392456
    },
    {
      "step": 17,
      "loss": -1.5564088821411133,
      "reward_mean": 0.2961864471435547,
      "reward_std": 0.007627129554748535,
      "kl": 0.13791248574852943
    },
    {
      "step": 18,
      "loss": 14.747482299804688,
      "reward_mean": 0.2967558205127716,
      "reward_std": 0.003767232643440366,
      "kl": 0.04923880659043789
    },
    {
      "step": 19,
      "loss": 2.353875160217285,
      "reward_mean": 0.2984693944454193,
      "reward_std": 0.003061234951019287,
      "kl": 0.13869328051805496
    },
    {
      "step": 20,
      "loss": 15.632493019104004,
      "reward_mean": 0.2969166338443756,
      "reward_std": 0.003897286020219326,
      "kl": 0.046783698722720146
    },
    {
      "step": 21,
      "loss": -4.130153656005859,
      "reward_mean": 0.29621395468711853,
      "reward_std": 0.004612948279827833,
      "kl": 0.1571183018386364
    },
    {
      "step": 22,
      "loss": 12.043946266174316,
      "reward_mean": 0.2902482748031616,
      "reward_std": 0.008922423236072063,
      "kl": 0.05367710907012224
    },
    {
      "step": 23,
      "loss": 5.914890289306641,
      "reward_mean": 0.29690659046173096,
      "reward_std": 0.0036090028006583452,
      "kl": 0.148783590644598
    },
    {
      "step": 24,
      "loss": 1.5276069641113281,
      "reward_mean": 0.29852941632270813,
      "reward_std": 0.0029411765281111,
      "kl": 0.05738357827067375
    },
    {
      "step": 25,
      "loss": -3.883965492248535,
      "reward_mean": 0.2960820496082306,
      "reward_std": 0.0026609981432557106,
      "kl": 0.17938072234392166
    },
    {
      "step": 26,
      "loss": 0.49788856506347656,
      "reward_mean": 0.29238635301589966,
      "reward_std": 0.008619401603937149,
      "kl": 0.05648888275027275
    },
    {
      "step": 27,
      "loss": 2.1914539337158203,
      "reward_mean": 0.2986842095851898,
      "reward_std": 0.0026315897703170776,
      "kl": 0.15531158447265625
    },
    {
      "step": 28,
      "loss": 4.292701721191406,
      "reward_mean": 0.2986607253551483,